{"cameraMode":{"drawMode":0,"name":"Shaded","section":"Shading Mode"},"sceneLighting":true,"audioPlay":false,"sceneViewState":{"showFog":true,"showMaterialUpdate":false,"showSkybox":true,"showFlares":true,"showImageEffects":true,"showParticleSystems":true},"in2DMode":false,"pivot":{"x":-10.493324279785157,"y":-4.104079723358154,"z":12.429393768310547},"rotation":{"x":0.003157584695145488,"y":-0.2998200058937073,"z":0.000992025714367628,"w":0.9539922475814819},"size":82.4274673461914,"orthographic":false}